板块,指标,命中,样本,命中率
概览,总场次,,3985,
概览,日期范围,,2026-07-03 ~ 2026-10-02,
胜平负,模型,1957,3985,49.1%
胜平负,市场,2048,3985,51.4%
胜平负,融合,2018,3985,50.6%
亚盘,模型,1425,2858,49.9%
亚盘,市场,2065,3599,57.4%
大小球,模型,2273,3985,57.0%
大小球,市场,2304,3985,57.8%
比分,主力·完全对,401,3985,10.1%
比分,主力·方向对,1628,3985,40.9%
比分,备选·完全对,320,3985,8.0%
比分,备选·方向对,1437,3985,36.1%
比分,前3候选,2417,3985,60.7%
筛选器·主客和,差<10,317,866,36.6%
筛选器·主客和,差10-20,382,876,43.6%
筛选器·主客和,差20-35,491,970,50.6%
筛选器·主客和,差≥35★,858,1273,67.4%
筛选器·大小球,<55,839,1576,53.2%
筛选器·大小球,55-60,695,1257,55.3%
筛选器·大小球,60-65★,442,703,62.9%
筛选器·大小球,≥65★★,328,449,73.1%
筛选器·亚盘,差<10,350,707,49.5%
筛选器·亚盘,差10-20,405,780,51.9%
筛选器·亚盘,差20-35,505,907,55.7%
筛选器·亚盘,差≥35★,805,1205,66.8%
筛选器·高置信,和局<22,522,734,71.1%
等级A,胜平负,901,1753,51.4%
等级A,大小球,1047,1753,59.7%
等级A,亚盘,914,1592,57.4%
等级B,胜平负,392,736,53.3%
等级B,大小球,420,736,57.1%
等级B,亚盘,401,662,60.6%
等级F,胜平负,509,1073,47.4%
等级F,大小球,584,1073,54.4%
等级F,亚盘,508,959,53.0%
等级S,胜平负,246,423,58.2%
等级S,大小球,253,423,59.8%
等级S,亚盘,242,386,62.7%
